ID Chromosoft,кличка,VHL20_FAM 1,VHL20_FAM 2,HTG4_FAM 1,HTG4_FAM 2,AHT4_FAM 1,AHT4_FAM 2,HMS7_FAM 1,HMS7_FAM 2,HTG6_VIC 1,HTG6_VIC 2,AHT5_VIC 1,AHT5_VIC 2,HMS6_VIC 1,HMS6_VIC 2,ASB23_VIC 1,ASB23_VIC 2,ASB2_VIC 1,ASB2_VIC 2,HTG10_NED 1,HTG10_NED 2,HTG7_NED 1,HTG7_NED 2,HMS3_NED 1,HMS3_NED 2,HMS2_NED 1,HMS2_NED 2,ASB17_PET 1,ASB17_PET 2,LEX3_PET 1,LEX3_PET 2,HMS1_PET 1,HMS1_PET 2,CA425_PET 1,CA425_PET 2
0,Name0,a,b,b,b,e,j,c,j,l,e,d,d,f,f,e,i,i,i,j,j,j,j,f,f,k,c,d,g,k,j,b,b,d,j
1,Name1,a,g,i,b,e,e,b,j,l,j,b,d,f,f,i,c,j,h,i,m,i,j,d,f,i,b,b,j,b,b,e,b,d,d
2,Name2,b,d,c,b,j,j,c,c,j,j,e,e,i,b,e,m,e,b,b,b,d,d,f,f,i,b,k,e,r,b,e,b,d,j
3,Name3,b,d,b,b,j,j,c,c,a,j,j,j,i,b,a,m,e,d,b,b,d,d,d,h,k,c,e,g,i,b,b,b,d,d
4,Name4,a,a,i,b,k,e,c,j,e,j,b,d,f,f,e,m,p,i,b,j,i,d,a,b,k,c,r,d,k,j,b,b,d,d
5,Name5,a,c,b,b,k,j,e,j,l,f,d,d,i,j,m,n,b,j,a,g,i,j,d,f,c,c,b,j,a,c,b,b,e,j
6,Name6,a,b,b,b,k,e,d,j,f,f,e,d,i,f,i,m,i,j,a,g,i,i,d,f,c,b,b,b,i,c,b,b,d,j
7,Name7,a,c,i,b,k,e,e,b,l,e,i,d,f,f,c,c,p,i,j,m,i,j,a,d,c,b,l,j,j,f,b,b,d,d
8,Name8,c,b,i,b,e,j,c,j,l,e,d,d,f,f,e,i,i,i,i,g,i,i,a,b,c,c,l,l,k,j,b,b,d,j
9,Name9,c,b,b,b,j,j,c,b,e,j,d,d,b,f,i,i,p,e,b,b,d,j,f,h,k,c,l,k,d,d,e,c,e,b
10,Name10,b,b,b,b,k,j,e,b,j,g,e,e,j,f,e,c,i,b,j,g,i,i,b,f,c,c,j,g,b,f,a,b,b,j
11,Name11,a,a,b,d,k,j,c,b,l,j,e,d,c,b,e,c,d,j,g,g,d,j,f,g,i,c,k,j,b,d,e,e,b,j
12,Name12,c,d,i,b,i,i,c,b,l,j,e,d,f,f,e,i,b,j,a,j,j,j,d,f,c,c,j,g,k,k,e,b,l,b
13,Name13,d,d,b,b,e,j,d,j,l,l,d,j,b,j,i,c,e,b,j,j,j,j,f,f,k,g,k,d,k,k,a,e,d,j
14,Name14,a,c,i,b,e,j,e,j,l,l,b,d,c,f,c,c,e,h,j,m,j,j,d,d,i,b,d,j,j,j,a,b,r,d
15,Name15,a,c,b,b,e,j,e,e,l,l,d,j,c,f,a,c,e,e,j,m,j,j,b,b,i,g,l,d,f,f,a,b,r,d
16,Name16,a,c,b,b,b,j,e,b,l,j,b,b,j,f,e,n,b,h,a,g,j,j,d,f,c,c,l,j,a,a,b,b,e,d
17,Name17,a,d,i,b,i,j,b,j,l,e,b,b,c,f,a,e,j,h,a,b,d,j,a,d,c,c,l,g,k,k,e,b,b,d
18,Name18,c,d,i,b,k,i,e,c,l,e,e,b,f,f,i,c,q,e,a,j,j,j,f,f,c,c,d,f,k,k,b,b,j,j
19,Name19,a,d,b,b,j,j,e,j,l,j,d,d,i,f,i,c,e,e,a,b,e,j,f,f,c,c,l,g,k,k,b,b,e,j
20,Name20,c,b,b,b,k,e,e,j,l,j,b,d,i,f,i,n,e,g,i,j,e,j,d,j,i,c,d,f,k,k,b,b,r,d
21,Name21,c,b,i,b,j,j,c,c,l,j,e,d,b,f,i,i,b,h,a,j,j,j,f,f,c,b,d,d,k,k,b,b,r,e
22,Name22,c,b,b,b,i,j,e,c,l,j,e,d,f,f,i,i,b,h,i,j,j,j,d,f,c,b,d,j,k,k,b,b,r,j
23,Name23,c,g,i,b,k,j,c,j,l,l,e,d,i,f,i,c,k,h,j,g,d,j,b,d,i,b,d,d,k,j,b,b,j,j
24,Name24,c,b,c,b,k,i,e,c,l,l,e,d,i,f,i,i,e,b,i,i,j,j,d,j,c,c,f,g,k,c,e,b,d,j
25,Name25,a,b,b,b,e,e,i,c,e,j,i,d,f,f,e,c,e,d,a,j,e,j,a,f,i,c,j,h,c,j,b,b,b,j
26,Name26,a,c,i,i,k,e,b,d,e,j,b,d,f,f,a,e,b,f,g,g,j,j,a,d,k,k,l,g,i,c,b,b,e,b
27,Name27,a,c,i,b,e,e,e,j,l,l,b,b,c,f,a,c,h,h,a,j,j,j,b,f,c,b,l,j,j,f,b,b,d,d
28,Name28,a,b,b,f,e,b,c,b,l,l,b,j,f,f,a,m,e,h,a,i,j,j,d,f,i,c,g,g,a,i,e,b,d,j
29,Name29,c,b,i,b,i,j,b,d,e,j,e,d,b,f,i,i,e,j,i,j,e,d,b,b,i,c,b,g,f,f,e,e,d,j
30,Name30,c,c,i,b,e,e,e,d,j,j,e,j,b,f,a,i,e,j,a,a,j,j,d,g,i,g,l,g,a,j,e,b,e,b
31,Name31,c,c,i,b,e,i,e,e,e,j,i,d,f,f,i,i,e,f,b,j,j,j,f,f,c,c,b,g,c,f,b,b,e,j
32,Name32,a,c,i,b,e,e,e,e,l,j,b,j,j,f,a,n,e,h,a,j,d,j,d,d,c,g,l,j,a,f,e,b,e,d
33,Name33,a,c,b,f,b,j,d,j,j,j,i,d,b,f,i,m,e,e,a,b,j,j,f,g,i,c,b,g,j,j,b,b,e,d
34,Name34,c,b,b,b,e,e,j,j,l,l,i,b,i,f,e,m,e,b,j,g,d,d,b,f,i,i,b,d,j,j,b,b,d,j
35,Name35,c,c,b,b,k,k,e,j,l,l,i,b,c,f,e,m,d,f,a,a,e,j,d,d,i,c,r,g,j,f,a,b,d,j
36,Name36,c,c,i,b,e,e,d,d,l,j,i,d,b,f,i,i,e,g,a,g,e,j,g,g,i,b,b,j,j,j,b,b,d,j
37,Name37,c,b,i,b,k,e,c,j,e,e,e,b,b,f,e,c,q,e,b,j,d,j,a,j,c,c,j,g,k,j,e,b,d,d
38,Name38,b,g,i,i,e,e,e,d,e,j,d,d,f,f,e,e,q,j,b,j,e,j,a,f,e,c,d,g,c,f,e,b,d,d
39,Name39,a,b,i,b,k,j,e,b,e,e,b,j,f,f,e,m,d,h,a,j,d,d,d,d,i,c,r,l,a,j,a,b,e,b
40,Name40,a,c,i,b,k,e,d,j,e,j,b,d,f,f,i,i,e,h,b,j,j,j,a,j,i,c,b,g,c,f,e,e,e,e
41,Name41,c,c,b,b,e,j,e,e,e,j,d,j,f,f,e,c,b,g,b,j,e,e,d,d,i,c,b,f,c,j,a,b,e,e
42,Name42,b,d,i,b,e,b,c,c,l,j,b,d,f,f,i,m,e,e,a,b,j,j,f,f,c,c,b,g,i,j,b,b,d,j
43,Name43,b,b,b,b,k,j,e,c,l,j,e,i,f,f,i,m,e,e,i,j,d,j,a,f,c,c,d,g,k,k,e,b,d,j
44,Name44,c,b,i,b,k,e,b,j,l,e,d,j,f,f,e,i,b,h,b,j,e,d,a,j,c,b,b,b,k,k,e,b,r,d
45,Name45,b,d,i,b,k,j,c,b,l,j,i,b,f,f,i,c,e,h,a,g,d,j,d,f,c,c,d,g,j,f,e,b,d,j
46,Name46,c,b,i,i,k,j,c,j,l,e,i,d,f,f,a,i,g,g,j,g,d,j,a,f,c,c,r,d,f,f,b,b,b,d
47,Name47,c,g,i,b,k,j,c,c,l,f,i,d,f,f,i,o,j,h,j,g,j,j,a,f,c,c,r,l,i,c,b,b,b,j
48,Name48,c,d,i,f,i,j,c,d,e,g,b,d,j,f,a,c,e,e,a,b,j,j,a,a,c,c,b,g,i,c,b,b,e,e
49,Name49,c,b,i,b,k,k,e,b,e,e,i,d,f,f,i,i,q,f,a,b,j,j,b,b,c,c,l,g,c,j,e,b,a,e
50,Name50,d,d,b,f,b,j,e,c,j,g,e,i,f,f,i,c,e,e,j,g,e,j,a,f,e,b,l,b,f,f,e,e,d,d
51,Name51,b,d,i,b,e,j,e,j,l,j,i,d,f,f,c,n,b,d,i,g,j,j,b,b,i,c,l,j,f,f,e,b,e,d
52,Name52,c,b,b,b,e,i,d,d,l,j,e,i,b,f,i,c,e,e,a,i,e,j,f,g,i,c,j,g,k,j,e,b,d,d
53,Name53,c,g,i,b,e,j,c,b,j,j,b,d,f,f,i,i,j,j,i,g,e,d,a,f,i,g,b,b,b,f,e,e,e,d
54,Name54,c,b,i,b,j,f,c,j,l,l,e,j,j,f,e,e,e,e,a,j,d,d,a,f,i,c,d,f,k,j,a,b,b,j
55,Name55,c,d,b,b,b,j,b,d,e,j,i,j,b,f,i,n,e,e,j,g,e,j,f,f,i,c,b,b,b,f,e,e,e,d
56,Name56,c,c,i,b,e,b,c,j,l,j,d,j,c,f,i,n,h,h,a,g,e,j,f,f,i,c,l,b,k,b,e,b,r,d
57,Name57,a,d,i,b,e,j,j,j,l,e,i,d,c,f,c,c,e,j,j,g,e,j,f,f,k,i,b,d,j,f,b,b,e,d
58,Name58,c,b,i,b,e,i,b,b,j,j,i,d,b,f,i,c,e,j,i,i,e,d,b,j,c,b,b,g,k,f,e,b,d,d
59,Name59,a,c,b,b,k,b,e,b,l,j,d,j,j,f,c,n,e,f,i,g,j,j,f,h,i,c,r,d,k,j,b,b,e,j
60,Name60,c,b,i,b,k,j,c,j,l,e,e,b,b,f,c,c,d,d,i,j,j,j,a,j,k,c,b,d,j,f,e,b,e,d
61,Name61,a,d,i,f,k,j,b,j,e,j,e,d,i,b,i,m,d,f,j,g,j,j,d,f,i,b,b,d,j,f,b,b,e,d
62,Name62,a,c,b,f,e,b,c,j,l,e,b,b,f,f,i,m,h,h,a,g,j,j,d,f,c,c,r,g,i,j,e,b,j,j
63,Name63,c,b,c,b,e,j,e,e,e,j,e,b,j,f,i,m,b,b,i,g,j,j,f,f,i,c,d,g,k,f,a,b,e,j
64,Name64,a,d,b,b,i,i,j,j,l,j,d,j,c,f,a,m,h,h,b,g,j,j,b,b,k,c,l,d,r,i,e,e,d,d
65,Name65,a,c,b,b,i,b,c,j,l,j,d,d,f,f,a,n,h,h,b,j,j,j,d,d,c,c,l,d,k,i,e,b,e,d
66,Name66,c,b,b,b,k,j,c,c,j,j,d,j,f,f,e,c,e,b,g,g,j,j,d,d,a,c,l,b,k,c,e,e,r,e
67,Name67,b,h,i,i,k,k,e,j,l,j,b,b,c,b,a,c,d,h,i,g,d,j,a,g,i,i,b,d,b,f,a,b,e,d
68,Name68,c,d,b,b,e,j,b,j,l,j,d,d,j,f,l,c,e,h,j,g,j,j,d,f,k,c,d,j,k,i,e,b,d,j
69,Name69,c,c,i,b,k,j,c,c,l,j,b,d,f,f,i,i,e,h,a,j,j,j,d,f,c,b,d,g,k,i,e,b,d,j
70,Name70,a,c,b,b,k,e,e,e,l,j,b,b,c,f,e,i,b,f,a,j,e,j,b,b,i,b,b,g,j,f,a,e,r,j
71,Name71,a,a,b,f,e,e,c,d,l,a,e,d,i,f,i,c,f,h,i,g,j,j,a,b,c,b,d,g,c,d,a,e,e,d
72,Name72,a,c,i,i,b,j,c,j,l,l,b,b,f,f,a,m,h,h,a,g,j,j,b,f,c,c,r,g,d,d,a,e,r,d
73,Name73,e,c,i,f,e,b,d,d,l,j,e,i,i,f,a,m,e,h,a,b,j,j,b,g,c,c,d,g,d,j,e,b,e,j
74,Name74,a,a,i,i,k,j,b,b,e,e,e,b,f,f,m,m,f,h,j,g,d,j,a,d,i,c,r,d,k,j,b,b,e,j
75,Name75,c,c,i,f,b,b,c,b,l,g,d,j,c,f,i,i,e,h,a,a,j,j,a,f,c,c,b,d,k,i,e,b,d,d
76,Name76,c,d,i,b,k,j,b,j,e,j,d,j,j,f,e,c,e,h,a,g,d,j,d,h,i,c,r,g,k,j,e,b,e,d
77,Name77,a,b,b,f,b,j,c,j,l,j,b,d,i,f,i,c,e,b,a,j,e,j,d,d,i,c,b,g,k,i,b,b,e,d
78,Name78,a,c,i,i,k,j,e,b,j,j,b,d,f,f,a,i,b,b,j,g,e,j,a,j,k,i,b,g,c,c,e,b,r,e
79,Name79,a,c,i,i,e,j,e,e,l,l,b,d,c,j,c,n,e,h,j,m,d,j,d,d,b,g,d,j,a,j,e,b,r,d
80,Name80,a,b,i,i,j,j,e,e,l,e,i,j,f,f,i,m,d,f,j,g,d,d,a,a,c,c,l,j,a,c,a,b,b,d
81,Name81,a,d,b,f,i,i,b,d,l,e,e,d,b,f,e,c,d,h,b,j,d,j,b,d,i,c,g,g,k,c,a,b,r,d
82,Name82,c,d,i,b,e,i,c,j,l,l,d,j,c,f,a,i,b,h,a,g,e,j,j,j,k,b,l,b,r,f,e,b,r,d
83,Name83,a,c,b,b,e,j,e,c,l,j,d,d,f,f,e,i,e,g,j,g,j,j,d,d,c,b,b,b,c,f,e,e,e,e
84,Name84,e,c,i,c,e,e,e,c,l,l,d,j,j,f,e,i,h,g,i,j,j,j,b,j,b,g,r,b,b,f,b,b,r,e
85,Name85,a,a,b,b,k,i,e,j,e,j,b,j,c,j,e,n,e,h,a,g,j,j,d,h,c,c,d,g,k,k,e,b,b,j
86,Name86,d,d,i,b,e,j,b,j,e,j,i,i,f,f,i,c,e,j,g,g,e,e,f,f,k,c,b,b,b,f,e,b,e,b
87,Name87,b,b,b,b,e,j,e,j,l,j,e,b,f,f,i,n,e,j,j,g,j,j,f,f,k,i,r,f,k,f,a,b,d,d
88,Name88,c,c,i,b,k,e,c,d,l,j,e,e,f,f,e,m,b,h,i,j,j,j,f,f,i,c,l,d,k,k,a,b,b,j
89,Name89,a,b,i,b,e,j,e,b,l,j,d,j,i,j,a,e,e,h,a,a,d,j,d,d,c,g,j,j,a,j,e,b,d,j
90,Name90,a,d,b,f,k,e,e,b,e,g,e,d,j,f,a,i,e,e,i,g,d,j,a,f,c,c,b,d,i,j,b,b,d,j
91,Name91,a,b,b,b,b,j,e,j,e,j,b,d,f,f,e,i,e,d,a,j,d,j,d,d,i,c,d,g,a,j,a,e,b,j
92,Name92,c,b,i,b,k,j,c,b,e,j,i,b,f,f,i,c,q,h,a,j,e,j,a,a,c,c,l,d,j,f,e,b,a,d
93,Name93,d,g,i,i,k,k,e,c,l,g,d,d,j,f,c,n,k,h,a,g,d,j,a,d,i,c,b,d,k,i,e,b,d,j
94,Name94,b,d,i,b,k,b,e,c,e,g,b,b,b,j,e,n,q,e,i,j,d,j,a,j,c,c,d,g,k,i,e,b,d,d
95,Name95,c,b,i,b,j,j,e,b,l,j,d,j,i,c,e,c,e,h,a,j,j,j,d,d,i,c,d,j,a,j,a,e,r,d
96,Name96,c,c,b,f,k,e,b,j,e,g,e,b,b,j,e,i,q,e,a,j,d,d,a,a,c,c,b,j,i,j,e,b,d,d
97,Name97,c,c,i,b,k,j,c,c,l,j,e,i,f,f,n,n,e,e,j,g,e,j,a,a,c,c,l,d,k,f,e,b,r,b
98,Name98,c,c,b,b,e,j,e,d,l,l,e,d,c,f,c,c,e,e,i,j,e,j,g,g,c,b,d,j,k,j,e,b,r,d
99,Name99,c,b,i,b,k,b,e,e,j,j,e,b,b,f,i,n,e,e,i,g,j,j,b,f,i,c,b,b,j,f,e,b,d,j
100,Name100,a,d,b,d,e,e,c,b,l,e,e,b,f,f,a,i,e,f,j,g,j,j,f,f,i,c,b,j,j,f,b,b,e,j
101,Name101,a,a,b,b,i,b,c,b,l,a,b,d,f,f,a,n,h,h,a,j,j,j,d,d,c,c,l,d,k,a,e,b,d,d
102,Name102,c,b,i,b,e,b,b,d,e,j,i,b,b,f,i,i,e,j,i,g,e,j,b,f,i,b,l,b,b,f,e,e,e,d
103,Name103,a,c,b,b,j,j,j,j,l,j,b,d,i,f,i,c,b,g,a,j,e,j,d,d,i,i,b,g,k,f,e,b,e,j
104,Name104,a,e,i,c,e,e,e,j,l,l,e,j,i,j,e,e,f,h,i,b,d,j,d,d,g,g,r,l,k,b,b,b,e,d
105,Name105,c,b,b,b,k,e,j,j,l,j,e,d,f,f,a,i,g,g,a,i,j,j,b,f,k,c,d,j,j,f,a,b,e,d
106,Name106,c,b,b,b,b,j,c,j,l,l,e,d,f,f,a,i,b,g,j,g,d,j,a,a,k,c,l,b,f,f,a,b,d,d
107,Name107,a,a,b,b,i,j,d,j,l,j,e,d,b,f,c,c,h,h,a,j,j,j,b,b,k,k,b,j,d,j,a,b,e,b
108,Name108,b,g,b,b,i,b,c,b,e,j,e,j,j,j,a,e,e,h,j,j,d,j,f,f,k,c,b,d,k,f,b,b,b,j
109,Name109,a,c,b,b,i,j,e,j,e,j,e,e,c,f,i,c,e,h,j,g,d,j,f,f,k,k,b,j,d,f,e,b,c,j
110,Name110,c,b,i,b,k,i,e,j,l,j,d,d,f,f,i,i,e,g,a,i,j,j,b,b,k,b,d,g,k,j,b,b,r,d
111,Name111,c,b,b,b,k,e,b,j,l,j,i,d,c,f,i,n,e,g,a,g,d,j,a,b,c,c,l,d,b,f,a,e,e,d
112,Name112,a,g,b,b,e,i,c,j,l,e,e,e,j,f,a,c,h,h,i,j,j,j,f,f,k,b,l,b,k,d,a,b,b,j
113,Name113,c,b,b,b,b,j,e,j,l,j,d,j,j,f,e,i,b,g,j,g,e,j,a,a,k,c,l,g,f,f,a,b,b,d
114,Name114,a,g,b,b,k,i,c,j,l,j,e,b,f,f,a,c,e,h,j,j,e,j,f,f,k,b,l,b,k,f,a,b,b,d
115,Name115,a,c,b,b,e,j,d,d,l,e,e,d,f,f,e,c,e,h,j,j,d,j,a,a,k,c,b,g,j,j,a,b,e,d
116,Name116,c,d,i,i,j,j,c,b,l,e,d,d,f,f,i,c,h,g,j,j,e,d,j,f,i,c,l,d,r,k,b,b,e,j
117,Name117,a,a,c,b,e,j,c,d,j,j,e,i,i,f,i,i,q,e,a,c,j,j,d,d,k,c,d,g,d,j,b,b,e,d
118,Name118,b,d,b,b,j,j,b,j,l,g,i,b,f,f,e,e,q,e,a,j,j,j,f,f,i,i,l,a,j,j,e,b,d,j
119,Name119,c,c,i,c,e,j,e,d,l,l,e,i,i,f,i,i,q,f,i,j,d,j,a,b,c,c,b,g,f,f,b,b,d,j
120,Name120,a,c,b,b,b,j,b,j,e,j,i,b,j,f,a,n,e,b,j,g,e,j,j,j,i,c,b,b,b,f,e,b,e,d
121,Name121,c,c,b,b,i,b,b,d,e,j,i,b,b,f,c,n,e,g,i,j,e,e,j,f,i,c,b,j,k,f,e,b,d,j
122,Name122,c,c,b,b,b,j,b,j,l,l,b,j,b,j,e,i,e,b,i,j,e,j,b,b,c,c,b,g,f,f,b,b,e,d
123,Name123,a,b,b,b,e,j,b,j,e,j,e,d,f,f,e,i,e,d,j,g,e,j,a,d,k,c,l,d,j,f,e,b,j,j
124,Name124,a,b,b,b,j,j,e,c,l,l,b,d,f,f,i,c,d,f,c,j,j,j,a,a,i,c,d,d,i,f,e,b,e,j
125,Name125,c,c,i,b,e,e,e,c,l,l,i,d,b,f,i,i,e,f,i,j,e,d,b,f,k,c,l,b,k,f,b,b,d,j
126,Name126,b,b,b,b,j,j,e,b,j,g,e,e,f,f,e,i,e,e,a,g,j,j,a,f,i,c,l,l,j,j,e,b,d,j
127,Name127,a,c,c,c,e,j,e,d,l,g,i,d,i,f,i,i,k,b,j,g,e,j,a,d,i,c,b,g,k,k,a,b,j,j
128,Name128,c,b,b,b,e,j,c,c,l,g,e,b,c,f,e,c,e,d,a,c,j,j,a,a,i,c,l,d,i,j,e,b,d,j
129,Name129,c,b,i,b,e,e,c,c,e,j,d,d,f,f,c,m,b,g,a,j,e,j,d,d,c,c,l,d,j,j,a,b,j,j
130,Name130,a,b,i,b,e,j,c,b,l,f,e,e,b,f,i,n,j,j,a,i,j,j,d,g,i,c,r,j,k,k,e,b,e,d
131,Name131,a,b,b,b,e,b,e,e,l,j,b,d,f,f,i,c,e,h,j,j,e,j,d,d,i,c,j,g,j,j,a,b,d,d
132,Name132,c,d,i,b,i,b,e,e,e,j,e,b,b,f,c,n,q,e,a,g,j,j,f,f,i,c,b,f,f,f,b,b,j,j
133,Name133,c,b,i,i,i,f,e,c,e,j,e,d,f,f,e,i,e,e,j,g,d,j,a,f,k,c,f,g,j,j,b,b,e,e
134,Name134,a,c,i,b,k,i,e,e,l,e,d,d,f,f,i,i,e,b,i,g,j,j,d,d,k,b,j,g,k,k,e,b,r,e
135,Name135,d,g,b,b,e,j,c,b,l,e,d,d,j,f,i,i,e,e,b,g,j,j,b,f,c,c,l,g,k,k,b,b,d,d
136,Name136,a,b,b,h,e,j,c,j,l,j,b,b,f,f,l,c,e,b,j,m,j,j,d,d,k,b,j,j,i,i,b,b,r,d
137,Name137,b,b,b,b,j,j,e,j,g,g,e,b,f,f,e,i,e,j,b,g,j,j,f,f,c,c,l,b,j,j,e,i,e,j
138,Name138,a,c,b,b,e,j,c,b,l,j,b,d,f,f,l,i,h,h,b,j,d,j,d,j,c,b,e,d,k,d,b,b,r,e
139,Name139,a,c,b,b,e,b,c,d,l,g,e,d,c,f,i,i,e,e,a,a,d,j,f,f,k,i,b,j,j,f,b,b,c,j
140,Name140,e,b,b,f,e,j,e,c,l,j,e,e,j,f,i,c,j,g,i,g,e,j,f,f,c,c,b,d,r,d,a,e,d,j
141,Name141,a,b,b,b,e,j,c,b,e,j,d,d,j,f,e,c,d,g,a,i,e,j,f,f,c,c,d,g,b,j,b,b,b,d
142,Name142,a,b,b,b,b,j,e,c,l,g,e,b,f,f,i,c,b,g,b,j,d,j,b,b,c,c,b,d,k,c,e,b,c,d
143,Name143,e,c,f,f,e,i,e,c,l,j,e,i,i,f,i,c,j,g,i,j,e,j,a,f,e,c,l,d,d,f,e,b,d,j
144,Name144,a,d,i,b,e,b,c,c,e,j,e,j,i,f,c,c,e,b,j,g,d,d,j,f,k,k,j,g,i,f,e,b,c,d
145,Name145,a,b,i,b,k,b,b,d,e,j,e,d,f,f,a,i,e,b,i,b,j,j,a,a,k,c,l,g,c,f,e,b,r,e
146,Name146,a,b,b,b,c,j,c,j,j,g,e,d,f,f,i,c,e,h,j,g,e,j,j,j,i,c,e,b,d,d,e,e,b,j
147,Name147,a,c,i,b,k,j,b,j,e,j,e,b,j,f,a,i,e,h,a,j,j,j,a,d,k,i,l,j,c,f,a,b,d,j
148,Name148,b,d,b,b,b,b,e,c,j,g,e,b,i,f,c,c,g,g,j,j,e,d,b,j,c,c,l,d,c,c,e,b,c,d
149,Name149,e,b,b,f,j,j,e,c,l,g,e,b,f,f,e,c,j,g,i,g,j,j,f,f,c,c,b,b,r,j,e,i,e,j
150,Name150,c,b,b,b,e,j,c,j,l,g,e,b,c,f,e,i,e,j,a,g,j,j,f,f,i,c,l,j,j,f,i,b,c,j
151,Name151,b,b,b,b,e,e,e,c,l,e,i,b,f,f,a,i,b,b,a,j,d,j,f,f,c,c,b,b,k,k,b,b,e,d
152,Name152,c,g,c,b,k,b,i,d,l,b,a,e,b,f,a,a,b,d,i,j,e,j,f,f,c,c,b,j,b,b,b,b,b,d
153,Name153,e,c,b,b,i,j,e,d,l,j,e,d,f,f,a,i,b,b,i,b,j,j,a,j,c,c,b,g,c,c,e,b,j,j
154,Name154,c,b,b,b,i,b,d,j,l,l,e,b,f,f,i,c,e,b,i,j,j,j,j,f,k,c,r,b,k,k,b,b,d,j
155,Name155,b,b,b,b,e,i,c,j,j,g,b,j,f,f,e,i,b,h,j,g,e,j,d,f,k,c,j,j,b,b,b,b,d,j
156,Name156,a,c,b,b,e,e,c,b,l,l,e,e,f,f,i,c,e,h,i,j,e,j,a,f,c,c,g,g,j,j,b,b,d,d
157,Name157,c,b,i,b,k,j,c,j,l,l,e,i,f,f,i,c,j,g,i,j,j,j,a,a,k,i,l,g,j,j,e,b,d,j
158,Name158,a,a,i,b,e,e,c,b,l,l,d,d,f,f,i,i,f,g,a,j,d,j,b,j,k,e,b,g,b,b,e,b,d,d
159,Name159,a,b,i,b,k,i,c,b,l,e,i,b,f,f,i,m,q,e,i,b,e,j,a,b,e,b,b,g,k,k,e,b,d,d
160,Name160,a,b,b,b,k,i,b,j,l,j,e,d,j,j,c,m,e,f,j,j,e,j,b,f,k,c,e,m,j,j,e,b,e,j
161,Name161,c,d,b,b,e,e,e,c,l,j,e,i,c,f,i,n,b,g,a,j,e,j,d,d,k,i,l,d,f,f,b,b,r,d
162,Name162,b,d,i,b,k,j,d,j,l,l,e,d,i,b,i,i,b,g,i,j,j,j,f,f,i,g,b,d,k,f,a,a,d,j
163,Name163,a,f,i,i,e,j,c,c,l,j,e,b,b,f,i,c,e,g,j,j,j,j,f,f,a,i,l,b,i,f,e,e,e,d
164,Name164,a,c,i,b,e,j,e,c,l,j,b,d,f,f,i,i,b,g,a,j,e,j,j,j,i,b,b,b,f,f,e,b,r,e
165,Name165,b,f,i,i,j,j,c,c,l,g,e,b,b,f,c,c,e,h,j,j,d,j,j,f,a,i,l,g,i,c,e,b,d,d
166,Name166,,,,,k,j,c,j,l,,e,i,b,f,e,,d,h,a,f,b,d,a,g,i,,d,g,j,,e,b,b,d
167,Name167,c,,i,,k,j,e,c,e,j,d,,b,f,e,i,j,h,b,h,j,,a,j,k,,i,g,,,a,b,,
168,Name168,c,b,i,b,k,i,c,d,e,j,d,,b,f,a,i,j,f,b,,j,,a,,k,i,r,g,,,b,,,
169,Name169,a,b,b,b,e,j,e,c,l,j,b,d,f,f,i,n,i,f,h,m,j,j,f,g,k,i,d,j,,,a,b,,
170,Name170,c,b,i,f,k,b,c,c,l,j,,b,f,f,i,m,i,h,a,a,j,j,b,f,c,c,g,g,i,,e,b,d,j
171,Name171,c,b,i,i,k,b,c,d,l,j,b,d,b,f,a,m,j,h,a,b,j,j,a,f,i,c,g,g,j,,e,b,d,d
172,Name172,c,d,i,b,k,j,c,b,e,j,e,b,b,f,m,n,p,i,a,a,j,j,a,a,i,c,j,g,j,j,e,b,a,b
173,Name173,a,b,i,b,e,j,c,j,l,e,i,d,f,f,a,o,d,g,i,g,i,j,a,f,i,c,d,d,j,f,a,a,d,d
174,Name174,c,c,i,b,i,b,b,j,e,j,e,j,c,f,i,i,d,h,c,b,b,j,b,d,i,,l,g,j,,e,e,d,d
175,Name175,a,c,b,b,i,b,j,j,l,j,d,j,c,f,i,m,h,g,b,,i,j,b,b,c,c,l,b,r,,a,e,e,d
176,Name176,b,b,i,f,e,j,e,j,l,l,e,i,b,f,a,c,j,h,c,j,d,j,a,a,c,b,l,g,k,k,e,b,d,j
177,Name177,a,b,b,f,e,j,d,j,l,l,i,d,b,f,a,c,h,h,b,j,j,j,d,d,c,b,l,g,k,j,e,e,e,j
178,Name178,d,g,b,b,j,f,b,j,e,j,e,i,f,f,c,m,h,h,c,j,d,j,d,d,k,c,h,g,r,b,a,e,b,d
179,Name179,a,d,b,b,e,f,d,j,e,e,e,b,b,f,c,c,f,h,i,j,j,j,a,d,i,c,h,g,b,j,a,a,d,d
180,Name180,a,d,i,i,e,j,b,d,e,j,e,b,i,b,e,c,b,h,i,g,j,j,a,a,i,c,d,d,j,f,a,e,d,d
181,Name181,a,a,b,b,e,e,e,d,j,j,i,b,i,f,i,i,j,f,g,m,j,j,a,f,k,k,d,g,c,f,a,b,e,d
182,Name182,a,c,i,b,e,e,d,d,e,j,b,b,i,b,c,c,f,h,i,g,j,j,a,m,i,c,d,g,j,j,a,b,e,d
183,Name183,a,a,i,b,k,e,b,d,e,j,i,j,i,f,i,i,i,j,j,g,b,j,a,f,k,c,g,g,j,f,a,b,d,d
184,Name184,c,d,b,b,e,j,b,d,j,j,i,b,i,f,c,m,f,h,j,g,d,j,d,m,c,c,d,h,b,b,e,b,d,d
185,Name185,c,c,i,i,k,e,e,c,l,e,b,d,b,f,i,c,j,h,b,j,j,j,a,d,k,b,r,d,c,j,b,b,e,d
186,Name186,c,c,i,b,e,j,e,e,l,e,e,d,c,j,a,c,i,i,b,g,j,j,a,a,c,m,l,f,k,i,a,b,d,j
187,Name187,c,c,i,f,k,j,e,b,e,f,b,d,j,f,a,e,i,i,b,g,j,j,a,f,c,b,l,g,i,c,b,b,e,j
188,Name188,a,d,i,i,b,j,b,b,l,l,i,i,f,f,a,c,c,c,i,j,i,d,d,f,i,c,b,b,r,r,a,b,e,d
189,Name189,e,c,b,b,i,j,e,d,l,j,b,j,c,f,a,i,i,b,j,j,j,j,g,g,a,i,d,j,c,f,e,b,j,j
190,Name190,e,d,i,b,j,j,b,b,l,j,d,j,f,f,i,n,i,j,j,j,i,i,b,b,i,b,l,d,f,f,e,b,e,j
191,Name191,a,d,c,b,e,i,d,j,l,e,d,j,b,f,a,i,h,h,i,b,d,j,d,f,c,m,j,g,a,j,e,e,e,j
192,Name192,c,b,b,b,i,j,d,j,j,j,b,d,f,f,a,m,j,h,i,b,,,j,j,c,c,b,h,f,f,i,b,e,d
193,Name193,b,d,b,b,e,j,c,c,e,j,i,j,b,j,c,c,i,i,b,j,,,d,d,c,c,d,g,b,f,e,b,d,j
194,Name194,d,g,b,b,e,d,j,j,e,j,b,d,f,f,c,c,b,j,j,g,i,i,b,f,k,b,r,b,c,b,e,b,i,j
195,Name195,b,d,i,f,k,,b,d,l,,b,j,j,f,e,i,i,g,j,g,b,j,a,f,k,a,b,g,f,,a,e,e,j
196,Name196,b,d,i,b,j,j,c,f,l,e,e,i,c,j,e,c,i,i,c,c,j,j,f,m,c,c,d,g,k,b,b,d,e,d
197,Name197,b,b,i,b,e,j,c,f,l,e,i,i,i,c,a,c,i,h,c,g,j,j,a,m,c,b,g,g,b,b,b,d,e,e
198,Name198,d,d,i,i,j,j,e,c,l,e,e,j,j,f,e,c,i,j,a,c,j,j,b,f,c,c,d,d,k,b,e,b,d,j
199,Name199,c,c,c,b,e,j,e,j,l,g,b,d,b,f,i,i,i,b,j,j,i,j,d,d,c,c,g,g,f,f,a,b,e,j
200,Name200,a,h,b,f,e,i,e,c,e,e,e,d,b,f,a,c,a,i,i,j,i,j,b,j,k,c,r,g,f,f,e,e,d,d
201,Name201,a,d,b,b,b,j,c,j,l,j,i,i,j,j,i,i,d,j,j,f,i,j,f,f,k,c,k,c,b,b,e,e,e,e
202,Name202,c,d,b,h,b,j,c,j,l,j,b,b,f,f,c,c,d,d,i,j,,,f,f,k,c,k,g,b,b,e,b,e,e
203,Name203,b,g,i,h,i,j,e,c,j,j,c,b,b,f,a,i,i,b,i,j,j,j,a,d,i,i,b,g,d,f,e,b,e,d
204,Name204,b,f,b,h,k,j,e,j,l,j,i,b,i,f,e,c,i,i,i,f,j,j,a,d,i,i,b,g,c,f,e,b,l,d
205,Name205,c,d,c,c,e,c,j,j,l,j,e,e,i,f,e,i,i,h,c,j,j,j,a,a,k,i,d,g,r,j,a,a,e,c
206,Name206,c,d,c,b,i,c,c,j,l,j,e,b,f,f,e,c,i,d,c,b,j,j,a,a,i,i,d,d,c,j,a,b,e,d
207,Name207,e,d,i,b,j,j,d,d,e,j,e,e,b,f,e,i,b,j,a,g,j,j,j,f,i,c,l,d,j,j,e,b,b,d
208,Name208,b,d,i,i,k,j,b,j,l,l,e,i,f,f,e,i,d,h,a,g,d,j,a,f,i,c,d,g,c,j,e,e,e,d
209,Name209,a,d,i,b,k,j,c,b,l,l,i,i,i,f,i,o,i,d,a,g,j,j,f,m,i,c,l,d,c,c,a,e,e,b
210,Name210,b,d,i,b,e,j,b,j,l,j,i,d,f,f,o,n,i,b,j,g,i,j,f,f,c,c,l,d,c,c,a,b,c,b
211,Name211,d,d,b,f,e,e,c,c,a,e,b,d,b,b,m,n,a,d,j,g,d,j,m,m,k,c,d,g,i,j,e,b,b,d
212,Name212,c,c,i,b,k,k,e,c,l,e,e,b,i,f,m,n,b,b,i,i,i,d,j,j,c,b,g,g,b,f,b,b,e,d
213,Name213,a,a,i,i,k,e,c,d,l,j,i,d,c,j,a,i,i,j,a,i,i,j,j,f,i,m,b,j,b,b,a,e,e,d
214,Name214,a,b,b,b,e,j,e,j,a,j,i,i,j,f,a,i,b,j,c,j,d,d,m,m,i,m,l,b,c,c,b,b,c,d
215,Name215,b,g,i,b,j,j,j,j,a,j,i,j,f,f,i,c,i,b,j,j,d,d,g,g,i,c,b,g,c,c,e,b,c,b
216,Name216,b,b,i,b,j,j,e,c,e,g,e,i,b,f,e,i,j,f,b,j,j,j,m,m,a,c,b,d,j,j,i,b,e,e
217,Name217,b,b,i,b,j,j,d,j,l,g,i,b,j,f,i,n,i,j,g,g,j,j,a,a,c,c,l,b,b,j,a,i,e,b
218,Name218,b,d,b,d,j,j,e,j,e,g,e,e,f,f,a,i,d,j,b,b,j,j,f,f,k,c,b,g,b,j,a,i,e,j
219,Name219,b,d,i,d,j,j,e,j,l,e,e,e,b,f,a,m,i,d,a,b,j,j,d,f,k,m,g,g,b,b,a,e,e,j
220,Name220,a,b,b,b,e,j,c,c,l,e,i,i,b,f,i,i,d,d,j,g,j,f,a,m,c,c,d,d,f,f,a,b,d,d
221,Name221,a,f,b,b,e,j,e,j,l,j,b,d,i,f,i,m,i,b,a,m,j,j,a,d,i,i,b,g,f,f,a,e,e,d
222,Name222,b,d,b,d,k,k,e,j,l,j,e,i,b,f,a,i,i,i,i,j,i,j,f,f,i,c,d,g,c,f,b,b,e,d
223,Name223,c,d,i,b,k,k,e,b,l,j,e,i,b,b,a,n,i,d,i,i,i,j,f,f,c,c,b,d,c,f,e,b,c,d
224,Name224,a,a,b,b,e,j,e,c,l,j,i,b,i,b,i,m,b,d,a,j,j,j,a,d,i,c,d,g,f,f,a,e,d,d
225,Name225,b,d,i,d,k,j,c,b,l,e,i,j,b,j,m,n,i,d,i,g,i,j,d,d,c,c,b,d,k,c,b,b,d,d
226,Name226,a,f,i,d,k,e,c,j,l,e,d,j,c,c,i,n,j,f,b,h,i,i,a,d,c,j,l,l,c,c,b,d,d,j
227,Name227,a,d,i,i,k,b,e,c,j,j,b,d,j,f,i,i,i,h,i,j,j,j,a,j,i,m,b,g,b,b,e,e,e,d
228,Name228,c,b,i,i,k,j,e,f,e,e,i,d,c,f,e,c,i,i,g,g,b,j,m,m,k,b,g,g,b,b,b,b,e,d
229,Name229,c,d,i,i,k,k,e,c,l,e,e,d,j,f,m,n,a,b,i,i,d,d,j,j,k,c,b,g,i,b,e,b,e,d
230,Name230,d,d,i,b,e,e,c,j,l,e,b,j,c,b,e,m,i,d,j,j,d,j,f,f,i,c,d,f,j,f,b,b,d,d
231,Name231,d,g,b,f,k,k,e,i,l,l,e,j,j,f,e,m,i,h,a,j,d,j,f,f,i,b,d,g,j,j,b,b,e,d
232,Name232,f,g,b,b,k,e,e,i,l,e,e,j,j,h,e,e,b,h,c,j,d,j,j,f,c,b,d,g,j,j,a,b,d,d
233,Name233,c,b,i,i,k,j,c,j,l,e,i,i,f,f,i,n,b,j,i,g,i,j,a,a,c,c,j,h,j,f,e,b,d,d
234,Name234,c,b,i,i,k,j,e,j,e,e,i,i,f,f,i,c,i,b,a,i,i,j,a,m,i,c,d,h,j,f,a,e,e,d
235,Name235,a,d,b,b,e,j,i,j,l,e,e,e,f,f,e,e,p,b,i,i,d,d,a,a,c,c,l,b,j,j,b,b,d,d
236,Name236,c,d,i,b,i,j,e,j,e,e,e,d,f,f,e,i,p,i,i,i,d,j,a,c,c,b,l,j,k,j,b,b,l,d
237,Name237,c,c,i,b,e,i,e,d,e,j,e,d,b,f,i,n,i,i,i,g,i,j,m,m,k,c,g,g,k,b,e,b,l,e
238,Name238,c,b,i,b,e,e,c,d,j,j,e,e,b,f,e,n,i,d,i,d,i,d,,,k,c,d,g,b,f,b,b,a,e
239,Name239,b,b,i,b,e,e,e,j,j,g,e,i,i,f,a,c,b,h,i,g,j,j,,,c,c,l,l,k,b,b,b,b,d
240,Name240,c,b,i,b,e,j,e,d,j,g,e,i,f,f,a,m,b,h,i,c,j,j,a,a,k,c,l,d,b,b,b,b,e,d
241,Name241,a,c,i,b,k,j,c,c,j,j,e,i,f,f,a,i,i,d,j,j,i,j,b,f,k,m,r,g,a,c,e,b,e,d
242,Name242,a,b,i,b,k,j,c,d,l,j,e,i,b,f,e,i,i,g,a,c,d,j,f,f,a,c,d,h,b,f,b,b,d,j
243,Name243,c,d,i,b,k,j,c,d,b,j,e,i,b,f,i,i,i,h,b,j,i,j,a,f,k,m,r,g,c,f,e,b,e,e
244,Name244,c,d,i,c,j,j,c,d,b,g,e,i,b,f,i,m,h,h,c,j,j,j,a,a,k,i,d,g,f,f,b,b,a,e
245,Name245,c,b,i,i,k,j,c,d,l,g,i,i,b,b,e,m,i,h,a,c,j,j,j,f,k,c,h,g,b,f,b,b,e,d
246,Name246,a,g,i,b,j,j,e,j,l,l,e,d,i,c,a,i,a,i,g,m,j,j,b,b,i,b,l,d,k,f,b,b,d,j
247,Name247,d,d,i,c,k,j,j,j,l,l,e,b,i,f,a,i,d,g,a,a,i,i,a,a,i,c,b,j,d,j,e,b,b,d
248,Name248,d,h,i,b,e,j,j,j,l,l,i,b,b,f,a,i,a,d,a,j,i,j,d,f,k,c,b,j,i,j,e,b,e,b
249,Name249,a,c,i,b,e,e,e,c,i,j,d,j,i,j,i,m,i,i,i,g,j,j,j,g,c,c,d,j,,,,,,
250,Name250,a,f,i,b,e,j,d,j,e,,e,j,c,,c,n,f,h,b,j,i,,a,b,i,j,l,d,,,b,d,,
251,Name251,a,b,i,i,e,j,e,c,l,j,e,b,i,b,e,m,b,h,a,a,d,j,b,f,i,,b,g,j,f,a,b,d,d
252,Name252,b,b,i,b,e,b,c,j,l,j,b,b,i,f,m,m,i,h,a,g,d,j,f,f,i,,b,g,i,j,b,b,d,j
253,Name253,a,a,i,c,k,j,e,c,l,g,d,j,f,f,a,c,h,h,c,j,d,d,a,j,i,c,b,g,,,b,b,,
254,Name254,a,b,i,b,k,k,c,d,l,l,e,i,b,j,a,a,d,j,a,i,j,j,j,f,i,i,b,j,c,c,a,b,e,d
255,Name255,c,d,i,f,e,e,e,c,l,g,e,i,j,f,m,m,b,j,j,m,j,j,a,a,i,c,d,d,f,f,a,b,e,j
256,Name256,a,b,b,b,j,j,c,j,j,g,e,d,f,f,e,i,i,g,a,j,i,j,d,d,k,c,b,g,d,f,b,b,b,j
257,Name257,c,d,i,b,i,j,e,d,j,j,e,d,i,f,i,c,i,i,a,i,i,d,f,f,i,c,l,b,f,f,e,b,d,j
258,Name258,a,b,i,i,k,e,e,b,e,e,b,j,j,f,m,m,d,j,c,j,d,d,d,m,i,m,l,l,a,j,a,b,e,e
259,Name259,c,b,b,b,e,f,c,c,l,e,i,d,i,i,e,i,i,d,a,i,i,j,a,j,k,b,l,g,i,i,a,b,e,j
260,Name260,c,c,i,b,k,e,c,j,l,e,e,j,b,j,e,n,p,i,i,b,i,j,a,a,c,c,d,g,f,f,e,b,b,d
261,Name261,a,b,i,b,i,j,e,j,l,l,i,j,f,f,i,i,d,f,i,g,d,j,j,f,c,c,b,d,j,f,e,b,d,j
262,Name262,c,b,b,b,k,i,e,c,l,l,j,j,b,f,e,i,i,d,b,g,i,d,a,f,c,c,b,d,f,f,e,b,d,d
263,Name263,b,b,c,b,j,j,c,c,j,j,b,j,b,f,e,c,d,h,i,b,d,j,a,j,k,i,i,m,k,d,e,e,d,d
264,Name264,b,b,i,c,j,j,e,c,l,j,b,b,b,f,c,n,a,d,i,i,d,j,j,f,k,c,r,i,k,k,e,b,e,d
265,Name265,a,a,i,b,k,j,e,c,l,j,c,d,j,f,m,n,d,h,b,g,d,d,a,m,k,i,l,g,c,j,a,e,d,d
266,Name266,a,a,i,b,k,e,e,c,l,j,d,j,i,f,i,n,i,h,b,g,d,j,m,m,k,c,l,d,c,c,a,e,d,d
267,Name267,,,,,,,,,,,,,,,,,,,,,,,,,,,,,,,,,,
268,Name268,,,,,,,,,,,,,,,,,,,,,,,,,,,,,,,,,,
269,Name269,,,,,,,,,,,,,,,,,,,,,,,,,,,,,,,,,,
270,Name270,,,,,,,,,,,,,,,,,,,,,,,,,,,,,,,,,,
271,Name271,d,d,b,b,k,e,c,c,l,e,e,i,b,f,e,n,p,d,i,j,j,j,a,f,k,b,d,h,c,c,b,b,e,b
272,Name272,b,b,b,f,k,j,j,j,e,g,b,b,i,f,e,n,i,g,b,j,j,j,a,f,c,c,l,j,j,j,e,i,l,j
273,Name273,a,b,c,b,j,j,e,e,l,g,e,d,f,f,e,e,j,h,g,m,d,j,b,b,c,m,l,l,k,j,e,b,l,j
274,Name274,a,a,i,c,k,e,e,c,l,g,d,d,j,f,c,m,i,h,j,g,d,j,j,j,c,c,b,d,a,a,e,b,e,d
275,Name275,a,c,c,b,c,j,c,c,e,j,c,b,f,f,e,i,i,h,i,j,d,j,d,f,k,i,d,g,j,f,b,d,e,j
276,Name276,a,a,c,b,e,c,c,c,l,e,i,c,f,f,e,i,i,h,j,j,i,d,f,f,k,k,b,d,f,f,e,d,e,d
277,Name277,a,b,i,b,j,j,c,d,l,g,d,d,f,f,i,i,b,f,j,g,j,j,a,d,i,c,b,d,k,i,a,e,j,j
278,Name278,,,,,,,,,,,,,,,,,,,,,,,,,,,,,,,,,,
279,Name279,a,c,b,b,j,j,e,c,e,g,i,i,c,f,m,n,j,h,a,i,i,j,f,f,c,c,b,b,c,j,c,d,c,d
280,Name280,a,g,b,b,j,j,e,j,l,e,e,i,b,f,m,m,h,h,a,h,i,j,b,f,c,c,b,g,c,c,b,d,d,d
281,Name281,c,c,b,b,j,j,c,c,g,g,i,d,c,j,c,n,d,j,i,g,j,j,f,f,c,c,l,b,j,f,c,b,c,d
